label,title,text
Republican,"Finally, US hospitals will have to post their prices online",
Republican,$10 Billion to Central America,
Republican,"Trump Threatens To Close Southern Border, End Aid To Central America If Wall Isn't Built",
Republican,Signs of the Times,
Republican,Notorious Late-Term Abortionist Loses Medical License,
Republican,Bump Stock Ban Broken Down: Unconstitutional And Futile,
Republican,Can anyone find the ironic flaw in this article?,
Republican,Hospital prices are about to go public,
Republican,Trump and First Lady Pay Surprise Christmas Visit to U.S. Troops in Iraq,
Republican,Books anyone would recommend?,"I want to learn more about the conservative/republican ideology I have, and am wondering if there are specific books I should look into for a better understanding of where I stand politically.  "
Republican,Florida Seeks To Ban Sanctuary Cities,
Republican,"CDC Data Reveals Babies Are Surviving Abortions, Need Protection",
Republican,When they go low... they leave no more room to go lower.,
Republican,Melania Trump,"The MSM has continued to attack First Lady Melania Trump, but seldom do they praise her accomplishments as First Lady. Here's a look back at some of Melania's accomplishments throughout the year: [https://www.youtube.com/watch?v=J9xiPkYfKXA](https://www.youtube.com/watch?v=J9xiPkYfKXA)"
Republican,"Hello all, I'm doing a survey for school about the environment and GMOs. Please take it if you feel inclined to, it only takes a minute. Thanks!",
Republican,Melania Trump's 2018 Accomplishments,"The MSM and celebrities alike attack First Lady Melania Trump, but rarely do they acknowledge her accomplishments. Here's a look back of the accomplishments the First Lady achieved in 2018 in the face of media attacks. 

&#x200B;

[Melania Trump's Accomplishments 2018](https://www.youtube.com/watch?v=J9xiPkYfKXA&t=11s)"
Republican,Gender Dysphoria is a killer and its dangerous!,"https://www.thepublicdiscourse.com/2015/02/14305/

So sad to see so many people diagnosed with gender dysphoria killing themselves. And we're expected to sit and watch while people kill themselves because of it??!!"
Republican,Lmao,
Republican,America Is Not Having Babies Anymore,
Republican,Trump Makes Unannounced Visit to US Troops in Iraq,
Republican,Deployed friend got to meet Trump today!,
Republican,Choice42 Sponsors 6 Families For Christmas,
Republican,What happened to good ol respect?,"What happened to respecting the president even if you don't agree with him? We used to have great people who respected the president with or without agreeing with him and now it's unheard of. The only time there was slashing at a candidate back in the day was when they were running so the other candidate would win. But now, people in rallys are making death threats to Trump just because he's Republican. Remember how this slander makes you feel today so when you disagree with a president you say,"" I disagree, but to each his own.""
I was raised with Catholic values to love my enemy and my friend, and I ask you to do the same and to teach others to do the same. No matter what you believe.
Also subscribe to PewDiePie."
Republican,"""DNC vs. WikiLeaks"" imagine if this was the RNC or Trump suing journalists",
Republican,WIKILEAKs' ASSANGE: HILLARY SURFERS DOSE OF KARMA As 'A 14-year-old kid could have hacked Podesta's emails',
Republican,Daily Reminder: 65 Countries Have Border Walls and So Does Nancy Pelosi's Backyard,
Republican,Michigan Indefinitely Extends Telemedicine Abortion Ban,
Republican,‚ÄúArkancide‚Äù Evidence Leaked!! SHOCKING HUGE AMOUNT OF INNOCENT PEOPLE MURDERED UNDER THE CLINTONS WATCH,
Republican,MSNBC Gets Caught Using 2011 Border Patrol Video to Trash Donald Trump,
Republican,Pro-Abortion Group Uses Birthday Cake to Celebrate Abortion,
Republican,Merry Christmas my friends! I hope 2018 was good for you and I wish great success for you in 2019! Enjoy the Holiday!,(I‚Äôll just sneak this in here in the spirit of the holiday)
Republican,"If politicians are serious about Amnesty, they are gonna have to at least talk about funding the Wall.","Democrats just shutting down doesn‚Äôt further the discussion.  At least they have some power, but not using it to negotiate is just retarded.  "
Republican,The Best of President Reagan's Holiday Speeches,
Republican,Trump is right. The Fed is the problem.,
Republican,BREAKING: Planned Parenthood Mistreats Pregnant Employees,
Republican,Taxpayer Funding of Abortion at Planned Parenthood,
Republican,Growing Problems Dragging Down Fox News,
Republican,Labor Department: Job openings exceed unemployment data,
Republican,"With no signs of a deal, Senate adjourns for the holidays Saturday afternoon and made no plans to return until Thursday, ensuring shutdown will drag on for at least several more days. ‚ÄúFederal paychecks would go out Dec. 28, but that the paychecks scheduled Jan. 11 would be affected.‚Äù",
Republican,Facebook censors accounts in connection to Alabama Senate race,
Republican,"Trans Women Are Not Women, They Are Trans Women...Maybe",
Republican,The Story Of Christmas Is Pro-Life,
Republican,Gun rights group says it will sue over bump stock ban | TheHill,
Republican,Khashoggi: Qatari Asset in Life; Qatari Asset in Death,
Republican,We Must Keep Some Troops In Syria,
Republican,Woman Being Bullied By Trans Activists,"The comments about this editorial are proving how the left is supportive of trans bullies but not concerned about the person being bullied.  The same people who call anyone out for victim blaming when a man is being accused of sexual assault, have no problem blaming the victim when she stands up for the rights of children and then is bullied by trans activists.

[https://www.hjnews.com/opinion/letters\_to\_editor/cyber-bullied-on-transgender-issue/article\_026693b0-e8a2-5fb0-a4d3-e54c44cc1f57.html](https://www.hjnews.com/opinion/letters_to_editor/cyber-bullied-on-transgender-issue/article_026693b0-e8a2-5fb0-a4d3-e54c44cc1f57.html)"
Republican,GOP takes victory lap around Pelosi after passing border wall bill,
Republican,"Ted Cruz says Trump 'won't capitulate' over $5B demand, enough for 215 miles of border wall ‚Äî half of it replacement | Politics",
Republican,Border wall gofundme donations nearing 11 million dollars,
Republican,How The Grinch Teaches Us About Human Dignity,
Republican,Did Someone Slip Donald Trump Some Kind of Political Viagra?,
Republican,"If You Like the Peace Process, Please Don't Read Polls of Palestinians",
Republican,"James Mattis is out as Defense Sceretary, Trump Announces",
Republican,Check out this show,Check out bongino.com
Republican,Shocker!! Tax Filing Leaks Reveals Soros Sponsored Lawsuits Against Trump,
Republican,"South Dakota, Iowa add firearm safety courses to middle school curriculum",
Republican,English Hippies in Guatemala Are Now Writing Your News. At first these people look respectable. Scratch the surface and you find termites trying to destroy science.,
Republican,Is this real? A gofundme for a public work?,
Republican,White House Senior Advisor Stephen Miller -vs- U.S. State Run Media Wolf Blitzer,
Republican,Yay,
Republican,How Check My Clinic Saves Lives With Facts,
Republican,Europe‚Äôs Christmas Attacks Won‚Äôt Stay In Europe,
Republican,A bill in NY State Senate will require gun license applicants to give social media passwords and 3 years of search history to the police. Giving private information like that to the Government is dangerous. Tell the NY State Senate that you oppose bill S9191.,
Republican,Triple-amputee Air Force veteran on mission to raise $1B for US-Mexico border wall.,
Republican,"Gender Dysphoria Is An Disfunction Of The Mind, Not The Body",
Republican,#TrumpGetsItDone bill passes for $5.7 billion in wall funding,
Republican,Census Points To A More Conservative Florida For 2020 And Beyond,
Republican,"Ho, Ho, Ho: Republicans More Generous, Democrats More Grinchy",
Republican,"Tragedies like this should not happen, but I don't understand how state laws like this are even possible. Terrible tragedy and California Lawmakers are responsible as much as the criminal illegal involved.","There should be some logic to detaining illegals with a criminal record.  Doesn't Federal Law supersede state laws, especially if ICE requests detention?  What a terrible tragedy!  [Sanctuary Law Leads to Tragedy and crime spree in California](https://www.washingtonpost.com/nation/2018/12/20/after-shooting-suspects-reign-terror-california-sheriff-blames-states-sanctuary-law/?noredirect=on&utm_term=.6c08c91b2485)"
Republican,Sen. Lindsey Graham Encourages Trump To Veto Short-Term Funding Bill,
Republican,Louisiana Breaks Foster Care Adoption Record,
Republican,Is The Federal Reserve Actually TRYING To Cause A Stock Market Crash?,
Republican,"‚ÄúAmerica, Please Stand for Us: We are Dying!‚Äù Muslim Persecution of Christians",
Republican,Donald Trump Time Lapse - Pretty Cool!,
Republican,Top Clinton Donors INDICTED For Defrauding The Pentagon Of over $1.4 Billion,
Republican,US goverment shutdown!! you won't believe what Trump just did,
Republican,How Tacky: Classless New York Democrat Tells a GOP Staffer to 'Kill Herself',
Republican,Why The Wall Is A Good Idea,"**Preamble**

Many people think the wall is inhumane or a waste. But the truth is it isn't a waste at all. 5B dollars is not much at all considering the effects that that money will go to. 

**The Effects** 

Illegal immigrants cost us 135B dollars a year according to the U.S taxpayers. We only get back about 19B dollars worth of taxes from them, money being wasted on people who either illegally crossed or overstayed. If we can get this wall up than we can cut the budget of immigration and put it into other things like homeless veterans or homeless citizens, America first. 

**Why It Should Be Built**

Considering how our money is being wasted on aliens we need the wall for that reason too. Not all of it is people who crossed the border on foot but a good portion is. A lot of drugs are being smuggled into the U.S by crossing the border a year. Illegal immigrants are 2x more likely to commit crimes than a U.S citizen, another reason why we need the wall.

**Other Solutions For Immigration**

Abide by the law, don't overstay your visa. A lot of immigrants overstay visas and we end up paying their welfare and they give us little to nothing in return. We need to deport the ones who don't abide by the law and who overstay visas. If you want a opportunity in the U.S do it legally. But I do think that the process should be quicker so people should have a good opportunity here, but not illegally"
Republican,Free Speech Does Not Include The Right To Falsely Accuse,
Republican,"GOP.com access forbidden, why?","Basically what the title says, I tried Googling it, but couldn't find anything about it, it did come up as a suggested search term, suggesting I'm not alone here."
Republican,Judge Sullivan Must Recuse Himself From Flynn Case,
Republican,New York and Illinois Lead The Nation In Population Loss 2017 To 2018,"Womp Womp! People are fleeing these states.

[https://www.census.gov/newsroom/press-releases/2018/estimates-national-state.html](https://www.census.gov/newsroom/press-releases/2018/estimates-national-state.html)"
Republican,"Was trying to explain on r/transgender that ""Ms"" Spain was actually a man and was banned",
Republican,"I know the site is biased, but this is why we need to continually remind ourselves to pull together. Fake dossier information was apparently meant to divide the Republican Party. ‚ÄúBREAKING: John McCain Associate Gave Dossier To BuzzFeed | The Daily Caller‚Äù",
Republican,"If the Democrats won‚Äôt fund the Wall, WE THE PEOPLE WILL!",
Republican,"Liberal Women's March founded by people who think ""Jewish people bore a special collective responsibility as exploiters of black and brown people"". WHO KNEW THERE WERE ANTISEMETIC LIBERALS? ü§¶üèª‚Äç‚ôÇÔ∏è",
Republican,Build the Wall: Go Fund Me,
Republican,Can someone help me understand what this chart is communicating? [Discussion],"This is from slide 135 on the ""Internet Trends Report 2018"" by Kleiner Perkins.  
[https://www.slideshare.net/kleinerperkins/internet-trends-report-2018-99574140](https://www.slideshare.net/kleinerperkins/internet-trends-report-2018-99574140)

https://i.redd.it/2yoci38o3a521.png"
Republican,"We The People Will Fund The Wall, donate today!","https://www.gofundme.com/thetrumpwall


Instead of spending money on a bag of chips or a can of soda or a vidya gaem you'll get bored of in a couple days, spend money on this. Even something like $7/week can go a long way."
Republican,"President Trump: ""It's Time For Our Troops To Come Back Home""",
Republican,Totalitarian government,
Republican,Women Who Love Trump,
Republican,Flynn and Mueller at odds over Radical Islam?,
Republican,Bill in NY Senate would require gun license applicants to hand over social media passwords and 3 years of search history for review.,
Republican,Gofundme for Trumps border wall,
Republican,"Rene Boucher, Rand Paul attacker, has 30-day sentence appealed by federal prosecutors",
Republican,"US pledges $10.6B aid for Central America, southern Mexico",
Republican,Presidential Pardon Designed Precisely For U.S. Green Beret Golsteyn Case,
Republican,U.S. to PAY Mexico for NOT Building a Wall!?,
Republican,A Planned Parenthood‚Äôs 84 Year Lease Ends After Abortion Plans,
Republican,Why is making alcohol illegal without a permit?,"I was watching some clips on YouTube from the TV show Moonshiners, and I started wondering why is moonshining illegal? I mean the prohibition ended 85 years ago by now you would think you could make your own Alcohol for personal use right? But after looking into it in every state it is illegal to make you own alcohol wether it‚Äôs for personal use or for selling. But I just have to ask why? I mean if it‚Äôs because they want to protect us from the dangers of making your own alcohol then I can almost see that. But even then no because think about all the other foods that if prepared wrong could kill you. So my question is what is the reasoning for this law and should we still have it or get rid of it?"
Republican,Trump Revives U.S. Space Command As Pence Unveils Plan In Florida,
Republican,When two Democrat stories *collude*,
Republican,Exclusive: Nation of Islam receiving federal cash to teach prisoners,
Republican,Trump push to deport Vietnam War refugees scalds California GOP,
Republican,Pentagon Needs Better System to Track Fraudulent Spending,
Republican,Poll: Majority of Democrats Want Their Party to Become Less Liberal,
Republican,No protesting!,
Republican,"Trump Reelection Campaign, RNC Merge Into One Body Called 'Trump Victory'",
Republican,Actual transcript between Congressmen John Ratcliffe and James Comey,
Republican,Ron Paul: Brace for Market Meltdown 'Worse Than 1929',
Republican,"Truth Emerges: The US Border Patrol Was NOT Responsible For a Young Girl's Death, Her Father Confirms",
Republican,Rep. Martha McSally appointed to open Arizona Senate seat,
Republican,Arizona governor to appoint Martha McSally to Senate,
Republican,Thousands march in Brussels against U.N. migration pact,
Republican,Ocasio-Cortez announces 'self-care' break before congressional session even starts,
Republican,Donald Trump calls on Fed to stop raising interest rates amid stock-market dive,
Republican,Mississippi Governor Mourns Black Lives Lost To Abortion,
Republican,President Trump can't be indicted on collusion charges. Fruit of the poison tree argument.,"The dossier upon which the investigation into alleged Russian collusion by the Trump campaign is widely believed or known to be a fake paid for by the Clinton Foundation. Russia, since the early 1900's, has adopted a policy of maskirovka(masking), or Russian military deception. This includes camouflage, denial, and deception. ""Deceptive measures include concealment, imitation with decoys and dummies, manoeuvres intended to deceive, denial, and disinformation."" In other words, Russia is happy to take your money for any information you want as long as it isn't the truth. One wonders if our illustrious intelligence services know this? Comey? Mueller? Were they acting in good faith? https://en.wikipedia.org/wiki/Russian_military_deception

""Fruit of the poisonous tree is a legal metaphor in the United States used to describe evidence that is obtained illegally. The logic of the terminology is that if the source (the ""tree"") of the evidence or evidence itself is tainted, then anything gained (the ""fruit"") from it is tainted as well. ""https://en.wikipedia.org/wiki/Fruit_of_the_poisonous_tree In other words, all investigations and evidence that are result of the alleged, fraudulent dossier should be excluded from evidence in court. All convictions stemming from said evidence and investigations should be dismissed or overturned. This includes Trump himself and all the people around him that were investigated in connection to Russian collusion.
"
Republican,Growing Blame America First Crowd Rushes To The Border,
Republican,Today's Chaos Over Flynn Sentencing Is Result Of FBI Entrapment,
Republican,"11-Year-Old Boy Dressed In Drag Dances At Gay Bar, Gets Dollar Bills Thrown At Him",
Republican,Trump is a global-scale international event,
Republican,Have Trans Activists Subverted The LGBTQ Community?,
Republican,A documentary we all need to see as people who love America and its constitution!!!,"Just watched ‚Äúthe Enemies within‚Äù on Netflix! Please check it out, it talks about how communism has reached its claws into our country! "
Republican,California Drops Plan To Tax Texting,
Republican,Author Jodi Picoult's Pro-Life Blocking Spree Shows She's Not Tolerant,
Republican,Am I A Transphobic Piece of Shit?,
Republican,2 Major Volcanic Eruptions And Dozens Of Significant Earthquakes Have Struck The Ring Of Fire Within The Last 24 Hours,
Republican,How come this isnt a hate crime? Where is the outrage fired employees and re education? Im saying this as a black man,I was beat up in McDonald‚Äôs ‚Äî and the employees just watched: suit: https://nypost.com/2018/12/17/i-was-beat-up-in-mcdonalds-and-the-employees-just-watched-suit/
Republican,Christopher Steele: I Was Hired to Help Hillary Clinton Challenge the 2016 Election Results |,
Republican,Donald Trump announces Mick Mulvaney on Twitter as acting chief of staff,
Republican,Eight-year-old pupils to be told 'boys can have periods too' under new sex education guidelines,
Republican,Discrimination,"I have a question. How many people on this subject have ever been discriminated against because they're right leaning, voted for Trump, etc? Discrimination can include losing friends, getting fired, bullied online, or physically assaulted. Dislike (and outright hatred) of conservatives is growing, but I'm curious if it's something the media is pushing, or if people have experienced it in real life. I, personally, have felt it through many personal relationships being strained, or outright ruined post 2016 election. Who else??"
Republican,Smashing The Feminist Hierarchy & The Fabricated Wage Gap,
Republican,The Unacknowledged Success of Neoliberalism,
Republican,"Super conservative Podcast!_______Happy Warrior Podcast____ 24 China Trade War Heats Up - Plus Google, A.I. Baby its cold outside and More!! -",
Republican,WaPo Reporter: FBI And CIA Sources Say They Doubt Major Dossier Allegation,
Republican,Democrats And Their War On The Secret Ballot,
Republican,The Ominous Prosecutorial Misconduct Pattern Emerging In America,
Republican,ObamaCare struck down as unconstitutional by federal judge in Texas,
Republican,Even Membean (a vocabulary website) agrees. The word was fanaticism,
Republican,This poll is for a class. It's over a book called Democracy in America by Alexis De Tocqueville. Please help me out!,
Republican,"When considering borders and a wall, it does seem a little silly to argue over wall funding, when you look back at Iran and a previous POTUS. Just my opinion.",
Republican,"Feminists Think Sexist Men Are Sexier than ""Woke"" Men",
Republican,Jon Kyl to resign from McCain's Senate seat on December 31. Who'll replace him?,
Republican,President Donald Trump reportedly calls off White House Christmas party for the press,
Republican,Reddit is full of gullible left wing people who think they are morally superior,
Republican,I have been a Senior Staff Member on multiple (winning) U.S. Senate GOP campaigns - AMA!,"What's up everyone! I'm back again to discuss anything you want to know about - midterm results, looking forward to 2020, how to succeed in the mean time, etc! I am choosing to stay anonymous and keep my candidates anonymous so I can be significantly more thorough with some of my answers. I'll stick around and answer questions as long as they keep rolling in!   


Previous AMA on this sub: [https://www.reddit.com/r/Republican/comments/6iwc2l/i\_was\_a\_senior\_staff\_member\_on\_a\_winning\_gop\_us/](https://www.reddit.com/r/Republican/comments/6iwc2l/i_was_a_senior_staff_member_on_a_winning_gop_us/)

&#x200B;

AMA on iAmA:

[https://www.reddit.com/r/IAmA/comments/5wcola/i\_was\_a\_staff\_member\_on\_a\_sitting\_us\_senators/](https://www.reddit.com/r/IAmA/comments/5wcola/i_was_a_staff_member_on_a_sitting_us_senators/)

&#x200B;

Looking forward to this, let's do it!"
Republican,Pro-Abortion Speech: The Deception Of Dehumanizing The Preborn,
Republican,"Most of Recognize Our Disfunction, Why Wont Trans?",
Republican,"‚ÄòThe Republican Party is dead?‚Äô has been asked before, Democrats shouldn‚Äôt celebrate too soon",
Republican,Pushback Against Israel Is Beginning,
Republican,Obamcare lawsuit ruling,[https://www.businessinsider.com/obamacare-lawsuit-federal-judge-rules-affordable-care-act-law-unconstitutional-2018-12](https://www.businessinsider.com/obamacare-lawsuit-federal-judge-rules-affordable-care-act-law-unconstitutional-2018-12)
Republican,Cohen to Trump: 'Lay off Twitter ... bring the country together',
Republican,"Pelosi: No wall funding, even if that means 'government closed forever'",
Republican,California GOP Pushes Back on Plan to Tax Texts,
Republican,"Called out PolitiFacts with primary sources, was dismissed and ignored","I should preface by saying I'm posting this here because I don't know what other subreddit people wouldn't just downvote to oblivion. I'm pro-American, and as such, support Trump. 

I'm an SF resident and read the PolitiFacts article last night regarding a meme floating around showing a mansion, being used to critique Pelosi's anti-wall stance. Essentially saying ""Why do you live in a walled community if walls are immoral?"". Everyone here knows Pelosi lived in the only walled community in SF for many years. Its in their marketing, its in her books, and its part of SF lore for most. The place was even originally built for whites to keep minorities out. So I decided to comment that they were correct the specific SF mansion shown was not hers, but she did in fact live in a walled community right down the street and it was a bit extreme to label the meme with their most falsifying qualifier. I saw the article using semantics to narrate their claims unjustly, and gave them the benefit of the doubt at first. That was until I was dismissed.

Would I choose arguing about Pelosi once living in a walled community as my hill to die on? Hell no. Its stupid and Americans should live where they choose, walls or not. I only share this so you guys can see as I did, there was ZERO research in this article, and the content of which becomes more and more based on nothing or hearsay, maybe because their sources were a facebook post and fly-by-night news website. This is supposed to be a bipartisan fact-checking site, and they dismiss me with 'my sources say'. Data talks. I didn't save a copy of the article last night, but if anyone has a way to access a cached version somehow, I'd be curious to see if they silently changed the article. It seems smaller but this is pure speculation on my part.

here is the email thread: https://imgur.com/gallery/PixRQji"
Republican,The Leftist Christmas Carol,
Republican,Somebody make her go away,
Republican,r/Politics moderation team removes a comment from a thread because it doesn‚Äôt fit the narrative.,
Republican,The New NAFTA Trade Deal Lets Big Tech Squelch Conservative Speech,
Republican,Lisa Smiley: ‚ÄúWhy Is The HHS Still Funding Planned Parenthood?‚Äù,
Republican,I know the left celebrates abortion but this is down right demented,
Republican,Yellow Vests Revolt,
Republican,BREAKING: Heartbeat Bill Passes Ohio Senate,
Republican,"California mulls tax on text messaging, may lead to showdown with federal regulators",
Republican,"Our Politics Are About To Get Much, Much Worse",
Republican,How The GOP Retakes The House - Conservative Intelligence Briefing,
Republican,How can we even be allowed to assign frosty‚Äôs gender,
Republican,"Ballot Fraud, American-Style ... and Its Bitter Harvests",
Republican,"Gingrich: I was looking at White House Christmas decorations, not interviewing for chief of staff",
Republican,Do you think this law could safeguard big tech?,
Republican,"Woman Sings Creepy Lullaby ""Sent"" To Her By Child She Aborted",
Republican,Well then I guess the word Christmas is banned on r/Showerthoughts,
Republican,gamer style,
Republican,Why Is GOP Youth Outreach Blocking Young Conservatives?,
Republican,Tom Fitton to Testify on Clinton Foundation,
Republican,Former FEC Commissioner debunks argument that Trump broke campaign finance laws by paying women he allegedly had affairs with prior to becoming president,
Republican,Late Term Abortion Is Evil,"So, when you think of abortion, what do you think of? A women choosing what happens to their body? No, they are murdering humans. They say that these babies aren't humans, well im damn sure if they are kicking they are human. 

**The Process**

Wait till what i have to say about what is done, just cruel. Dr. Antony Levatino once described this at a Judiciary Committee in 2015. He is a ex-worker for Planned Parenthood who was done over 1200 abortions, late term. The process is to remove limbs such as arms, legs and even squashing these poor babies heads. He said that you could even find pieces of the babies skull. This is insane and we need to defund Planned Parenthood soon!"
Republican,Double Standards Exposed in Kavanaugh Hearing,
Republican,The Constitution Is Not A Buffet,
Republican,"Obianuju Ekeocha's New Book ""Target Africa"" Tackles Abortion",
Republican,Non-citizens are Entitled to NOTHING!,
Republican,"Riding wave of social unrest, French high-school students vow ‚ÄòBlack Tuesday‚Äô protests",
Republican,"Republicans Will Have 'Major Strategic Advantage' Over Dems in 2020, Says Former Hillary Campaign Manager",
Republican,Ummmm,Why won‚Äôt the AG even look into Al Sharpton‚Äôs latest dubious deal?: https://nypost.com/2018/12/11/why-wont-the-ag-even-look-into-al-sharptons-latest-dubious-deal/
Republican,Don‚Äôt Be Fooled: Ocasio-Cortez Is A Very Real Threat,
Republican,bacteria is alive but fetuses are not,
Republican,Hamas Celebrates After Pregnant Woman Critically Injured When Terrorists Open Fire In Israel,
Republican,Maybe Democrats Won On Brett Kavanaugh After All,
Republican,Hard-Line Conservative Might Be Trump's New Chief Of Staff,
Republican,The Truth About Late-Term Abortions,
Republican,Universal Health Care... For Everyone But White Men,
Republican,As the healthcare industry reaches nearly 18% of GDP. Why aren‚Äôt we all outraged about healthcare? Why don‚Äôt we hold our elected officials accountable?,"Why aren‚Äôt we all outraged about healthcare? As the healthcare industry reaches nearly 18% of GDP, it‚Äôs become like dermoid in the US economy. As health insurers look to exploit our private information both to improve their risk models as well as ‚Äúguide‚Äù our behavior, they‚Äôre quickly becoming a compulsory power structure, aka government, under private control.

I don‚Äôt care how we do it, but why aren‚Äôt we outraged our elected officials on both sides continue to kick the can down the road while taking campaign donations from the healthcare lobby that‚Äôs obviously plundering us?"
Republican,One Indisputable Takeaway From Comey Performance: Thank God Trump Won,
Republican,Key Takeaways From James Comey's Testimony Before Congress,
Republican,Drag Queen Story Hour... Coming to a public library near you,
Republican,Fractious GOP vows to unify in House minority,
Republican,Canada‚Äôs Euthanasia Plans Are Out Of Control,
Republican,An article in my University paper scrutinized a professor for not respecting ‚ÄúPreferences‚Äù with his students. It made the front page.,
Republican,"For Our Country, Divorce Is Not An Option",
Republican,"AMA this Friday, NSS returns!","The r/republican is incredibly pleased to once again announce that a campaign senior level staffer for the GOP will be conducting an ""Ask Me Anything"" next week. The staffer has asked that they remain anonymous to better answer questions about the campaign. The Mod staff has verified their identity/credentials and is who they claim to be.

[Here is a link to the last AMA](https://www.reddit.com/r/Republican/comments/6iwc2l/i_was_a_senior_staff_member_on_a_winning_gop_us/)

We are very greatful to NSS for volunteering their time, effort, and experience. And so you know, NSS has staffed for several politicians that many on this sub support and hold in extremely high regard. (No, it's not Kasich) and don't play guessing games. If the identity of any of the politicians NSS has worked for come to light, the game is over and NSS can't answer as straightforward as they'd like. And believe me it is figuratively killing me not being able to tell you who that is so please don't make it worse. If you have ever wondered what it's like to play in the big leagues of politics, now is your chance to find out.

One final note:

We would like to extend our hand to other republican leaning subs to come take a gander and participate. We don't mind people advertising this but we do ask that you not post this on sub that are in direct opposition to republican values or view republicans in a negative light. Such actions will be viewed as attempting to brigade the AMA. When in doubt, please ask us mods first.


We will be using this post as a question workshop all week where us mods will help work through wordings of questions.  [Like we did last year](https://www.reddit.com/r/MetaRepublican/comments/6he9ag/ama_question_workshop/)

Again big thanks to NSS!"
Republican,University Professor calls female student by ‚Äúshe‚Äù. The student then claims non-binary discrimination,
Republican,Prosecutors paint Michael Cohen a liar but rely on him for anti-Trump charges,
Republican,Worth remembering when we see coverage. Seeing the effort some ‚Äújournalists‚Äù put into showing the point of view they find compelling.,
Republican,Sacramento Newspaper Slams Kamala Harris for Denying Knowledge of Harassment Lawsuit Against Top Aide,
Republican,Vice-Admiral Mark Norman leaked cabinet secrets for over a year: Crown,
Republican,"The GOP has long preached balanced budgets ‚Äî at least when a Democrat is in the White House. But the party has come under the sway of President Trump, the self-described ""king of debt.""",
Republican,Noam Chomsky on why the Republican Party is the most 'dangerous organisation in human history',
Republican,HHS Plans To Define Life At Conception,
Republican,"Comey transcript released: Ex-FBI boss claims not to know, remember key details in Russia case",
Republican,Abortion Debate,"What are some key points when debating against a pro-choice Democrat? I ask my leftist friend the other day and he said women should have the choice to kill their baby because it‚Äôs an obvious mistake they will learn from, how do I respond to that? Thanks. "
Republican,Two weeks in a row I managed to trigger the leftists at /r/Maine,"Backstory: About a week ago I posted a video on /r/Maine about how Maine was the best state in the country because of its gun freedoms while still having the lowest rate of violent crime. In said video, I called those who believe in gun control ‚Äúlibtards.‚Äù This did not go over well.

I made a second video apologizing for using divisive rhetoric in the first which went over even worse.  

The leftists mostly ignored the fundamental arguments of my videos and instead attacked me on my personal appearance, told me I‚Äôm a waste of time, called me a psychopath, and, I hate to admit it, but some of it got under my skin. 

I really just want to bring people together to protect my state from globalist agenda but the response I got was so negative that I feel pretty discouraged right now.  I‚Äôm still going to keep fighting for what I believe in and pushing out content even if I continue to get called a loser by my own people. But it just feels bad to know that the people of Maine would so quickly reject libertarian values in favor of democratic-socialist ones.  

I fear that Portland, Maine, will soon look like Portland, Oregon. Be weary of the leftists my friends."
Republican,Ocasio-Cortez threatens Trump Jr. over meme,
Republican,My Pillow CEO Donates $1 Million To Help Fund New Pro-Life Film,
Republican,Mueller No Closer To Case Against Trump Than A Year Ago -,
Republican,"Donald J. Trump on Rex Tillerson: ""[He] didn‚Äôt have the mental capacity needed. He was dumb as a rock and I couldn‚Äôt get rid of him fast enough. He was lazy as hell.""",
Republican,California Democrats plan to extend Medicaid to illegal immigrants,
Republican,My friend and I made a song dedicated to Ben Shapiro. Let us know what you think!,
Republican,North Carolina GOP calls for bipartisan investigation into election fraud claims,
Republican,Totally clears the President. Thank you!,
Republican,Ten-year-old girl 'was repeatedly raped by foreign grooming gang' in Finland - prompting police to warn of 'foreign men' contacting underage girls on social media,
Republican,"Michael Avenatti assets ordered liquidated to pay for back child, spousal support",
Republican,Trump campaign finance violation,"I get it campaign finance violations are a felony. I feel however these laws are enforced on a highly selective basis. I‚Äôm sorry if this makes people mad, but using the standards mueller is setting nearly every American has committed tax fraud and nearly every politician has committed campaign finance fraud. "
Republican,"Ocasio-Cortez: ‚ÄòInevitable‚Äô Global Warming Governance Will Create ‚ÄòEconomic, Social, and Racial Justice‚Äô",
Republican,Americans Billed $27M in 'Reintegration' Gift Bags for Deportees,
Republican,Obama OK‚Äôd $310 million in free legal advice to illegal immigrants,
Republican,Bush Senior: Media Coverage,
Republican,BREAKING: Trump Plans To Cancel Contract Buying Aborted Babies For Research,
Republican,GOP senators introduce bill to give Trump $25 billion for border wall,
Republican,"Memo to Politicians: Stop Trying to Make ""Profit""a Dirty Word | Jim Kelly",
Republican,Education‚Äôs Faults,
Republican,Rush: We Remember the 1988 Campaign,
Republican,"Babe Ruth giving his handwritten autobiography to the Yale baseball team captain, George H. W. Bush who autographed the photo.",
Republican,Honduran Murderer in Migrant Caravan Caught Illegally Crossing into U.S.,
Republican,Clinton Foundation ‚ÄòPay to Play‚Äô Model Under Investigation [Infographic],
Republican,"UC Berkeley settles landmark free speech lawsuit, will pay $70,000 to conservative group",
Republican,Occam‚Äôs Razor: Michael Flynn‚Ä¶,
Republican,Dems threaten not to seat GOP House winner amid ballot harvesting accusations in North Carolina,
Republican,What do you think of what‚Äôs happening in Wisconsin?,Is this good for the party and the state? 
Republican,Brutal Fact Check: 'Four Pinocchios' for Ocasio-Cortez on Ludicrous Single-Payer Healthcare Claims,
Republican,Avenatti announces that he will not run for president in 2020,
Republican,Emails of top NRCC officials stolen in major 2018 hack,
Republican,Rush: Where Was This Love for George H.W. Bush When He Was President?,
Republican,Socialists and Fascists Have Always Been Kissing Cousins,
Republican,Nasty Replies To President Trump‚Äôs Tweets,"I have noticed that when Pres Trump tweets something, it is constantly followed by nasty replies from the public. Many of which tend to be shown first. I just read through the reply section for the statement regarding George HW Bush, and people are still using it to attack Trump. What is wrong with these people? So disrespectful!

Is it possible this is a result of twitter prioritizing liberal posts? Maybe there is a group that puts people up to spamming the twitter. Perhaps paid or volunteer. Maybe it is a bot? These people seem obsessed with hating our president. Those replies do not represent how the country feels about our president. I don‚Äôt like Obama, but I stay away from his twitter page. Trump derangement syndrome is getting bad!"
Republican,The touching backstory to Bob Dole's salute to George H.W. Bush,
Republican,63% of Non-Citizen Households Access Welfare Programs,
Republican,Shock report: US paying more for illegal immigrant births than Trump‚Äôs wall,[https://www.washingtonexaminer.com/washington-secrets/shock-report-us-paying-more-for-illegal-immigrant-births-than-trumps-wall](https://www.washingtonexaminer.com/washington-secrets/shock-report-us-paying-more-for-illegal-immigrant-births-than-trumps-wall)
Republican,Debunking The Top 4 Adoption Myths,
Republican,Top US Senators Affirm MBS Complicit In Khashoggi Murder After CIA Briefing..,
Republican,Senator Hirono: Democrats Struggle To Relate To Voters Due To 'How Smart We Are',
Republican,Midterm mystery: Who hacked the NRCC?,
Republican,Why I avoid r/politics,
Republican,"WIN for Young Republicans! UC Berkeley must pay $70k, and change policies to guarantee free speech for conservative speakers. The campaign of the American Left to silence conservatives on campus sustained a massive defeat yesterday",
Republican,This is so dumb,
Republican,Chuck Grassley: Senator Blumenthal Relying on ‚ÄòFake News‚Äô to Push for Don Jr. Interview,
Republican,"Census confirms: 63 percent of ‚Äònon-citizens‚Äô on welfare, 4.6 million households",
Republican,The Facts Behind Ohio's Push For A Complete Abortion Ban,
Republican,Pro-Life Activists Rethink Strategy After Pro-Choice Majority Wins House: 'This Is a Fight We Have to Pick Up',
Republican,"Federal agents apprehended a Honduran convicted for murder after he illegally entered the country with members of the caravan last Saturday. Days later, a Border Patrol agent was held at gunpoint by an illegal alien in California who had been deported to Mexico at least five times.",
Republican,Interesting reading and very selective presentation of curated evidence. Thoughts or just business as usual?,
Republican,The Real History of the Liberal Media and George H. W. Bush,
Republican,"Glenn Beck, Mark Levin Create Conservative Media Powerhouse: Exclusive",
Republican,Leave a comment in support of Pres. Trump's proposed 'Public Charge' rule!,"New analysis of Census data finds that 63% (4.6 million households) of non-citizen households use welfare.

The Trump administration has offered a proposed rule that, if implemented, would make it less likely for foreign citizens who access welfare to receive a green card.

The proposed rule is published and open for public comment. So far, open-borders advocates have flooded the federal register with their comments in opposition to the proposal. Please leave your comment by clicking here:

[https://www.regulations.gov/comment?D=USCIS-2010-0012-0001](https://www.regulations.gov/comment?D=USCIS-2010-0012-0001)

Here are some suggested talking points you can include in your comment:

* **Express support for the public charge rule!**
* Welfare use among immigrant households is already high. A recent report from the Center for Immigration Studies found that 63% of non-citizen households, approximately 4.6 million, use welfare.
* The Migration Policy Institute confirms this finding. According to its research, 47.2% of non-citizens receive at least one type of the four major public benefits -- cash assistance, SSI, food stamps, and Medicaid/CHIP.
* The average immigrant household costs U.S. taxpayers $6,234 each year in federal welfare benefits.

**ABOUT THE 'PUBLIC CHARGE' RULE**

The administration's proposed rule simply strengthens the already existing rule that defines what welfare programs USCIS can consider in determining if a green card applicant is likely to become a public charge.

The existing rule is limited to cash assistance and institutionalization for long-term care. The [proposed rule](http://hub.numbersusa.com/route/8/5c0579bf74e18a7c11ae6e81/1721505/9?D=USCIS-2010-0012-0001) would include food stamps, public housing, and Medicaid, among other programs.

New analysis of government data from the Center for Immigration Studies finds that 63% of non-citizen headed households access some form of welfare. You can read more about their findings by [clicking here](http://hub.numbersusa.com/route/9/5c0579bf74e18a7c11ae6e81/1721505/9).

Please comment today."
Republican,California's Existential Threat: Ballot Harvesting Compounded By Illegals And Sanctuaries,
Republican,The American Dream,
Republican,"Salty, Lefty Tears! I Love It! Ha! Ha!",
Republican,President Trump salutes President Bush,
Republican,Trump: President Trump meets PM India Modi and PM Japan Abe for G20 Trilateral Discussion in Argentina Buenos Aires,
Republican,The Left Is Lying About Why Life Expectancy Is Declining,
Republican,Trump to close government Dec. 5 in honor of President Bush,
Republican,Swearing in: Columbus Co. has first Republican sheriff,
Republican,Quick Montage Overview of Trump at G20 Summit Argentina Buenos Aires,
Republican,Proposed farm bill would remove cap of 250K on farm subsidies and clear room for ‚Äúmanagers and marketers‚Äù involved in the farm.,
Republican,Would you support a pro life law that affects men?,"It seems like since abortion restrictions by definition can only affect women, its easy to frame as sexist. What about a law that would require the biological mother and father to undergo any reasonably safe medical procedure that is required to save the life of their offspring until the age of 18? That would include kidney, liver, bone marrow transplants, any required diagnostic tests ect.

&#x200B;

It would remove the argument that conservatives are pro birth instead of pro life and it would remove the argument that being pro life is about forcing anything on just women."
Republican,"Trump floats meeting with Xi Jinping, Vladimir Putin to halt 'uncontrollable arms race'",
Republican,"Struggling Clinton tour takes a break after Bush‚Äôs death, delays Texas stop",
Republican,How Long Until Russia Is Blamed For Paris' Protests?,"https://www.bbc.com/news/world-europe-46417991

>The ""gilets jaunes"" protesters, so-called because they have taken to the streets wearing the high-visibility yellow clothing that is required to be carried in every vehicle by French law, are complaining at a sharp increase in diesel taxes.

>Mr Macron says his motivation for the increase is environmental, but protesters call him out of touch - particularly with non-city dwellers who rely on their cars.

People are questioning the left and carbon offset taxes, so clearly the Alt Right and Russia are to blame, gnome sane?

What's the over/under on this? 2 weeks?

Here we see Facebook being blamed... and if you read between the lines a little... well...

https://www.bloomberg.com/opinion/articles/2018-12-03/in-the-gilets-jaunes-paris-riots-france-faces-facebook-revolution

>France Faces a Typical Facebook Revolution

...

>The emerging pattern ‚Äì leaderless protest networks developing on U.S.-owned platforms; meme-like narratives fueling popular indignation; nebulous, quickly radicalizing, demands fueled by lots of underlying anger ‚Äì led Russian President Vladimir Putin to suspect the U.S. of organizing action in different parts of the world according to the same playbook.

...

>It‚Äôs happening again in France, a country impossible to describe as an autocracy and one where the U.S. has no reason to foment a revolution.

Or just read the actual lines."
Republican,Film Detailing Story Of Abby Johnson Set For 2019 Release,
Republican,Question about 41 lying in state,"I‚Äôm too young to remember the last death of a President and I want to pay my respects to H.W. in D.C. My question is, will I have enough time if I land in D.C. at 7:30 AM on Tuesday and fly out at 6:30 the same day? I expect to wait in line for a long time but my concern is how fast the line will move. "
Republican,Help this kid,
Republican,White Liberals Present Themselves as Less Competent in Interactions with African-Americans,
Republican,"George Bush, 41st President, Dies at 94",
Republican,"In honor of them both, GHWB and my Grandmother.",
Republican,George H.W. Bush ‚Äî A Man For His Times,
Republican,Katie Davis Majors Became An Adoptive Mother To 13 Daughters At 23,
Republican,Rhode Island students are suing the governor and education officials for not educating students about civic rights and free speech,
Republican,"George H.W. Bush, a life in photos",
Republican,"A PARTY UNITED: Selected articles and social-media posts that show the Bush Family supporting Trump, and him supporting them! -","May 6, 2016

https://www.facebook.com/jebbush/posts/i-congratulate-donald-trump-on-securing-his-place-as-the-republican-partys-presu/876702172458827/

Sep 8, 2017

https://www.stltoday.com/weather/jeb-bush-praises-trump-s-leadership/html_177786d7-f8e7-5878-9001-dd328a035bd3.html

3 about Trump and George *P.* Bush: 

Mar 3, 2018

https://www.npr.org/2018/03/03/590474158/the-last-bush-tries-to-survive-in-the-party-of-trump

Mar 6, 2018 (Washington Post ""A Bush just won again in Texas, but he did it by proving that it‚Äôs Trump's GOP"")

https://www.google.com/search?q=Washington+Post+%22A+Bush+just+won+again+in+Texas%2C+but+he+did+it+by+proving+that+it%E2%80%99s+Trump%27s+GOP%22&rlz=1C1CHMO_enUS568US569&oq=Washington+Post+%22A+Bush+just+won+again+in+Texas%2C+but+he+did+it+by+proving+that+it%E2%80%99s+Trump%27s+GOP%22&aqs=chrome..69i57.11535j0j9&sourceid=chrome&ie=UTF-8

Aug 8, 2018

https://www.politico.com/story/2016/08/george-p-bush-support-trump-226781

July 27, 2018

https://twitter.com/jebbush/status/1022900171699642369

4 about Kavanaugh:

July 9, 2018

https://twitter.com/jebbush/status/1016492001821450240?lang=en

Sep 18, 2018

https://www.politico.com/story/2018/09/18/george-bush-supports-kavanaugh-827976

Sep 27, 2018

https://www.politico.com/story/2018/09/27/bush-support-kavanaugh-849344

Oct 6, 2018

https://twitter.com/JebBush/status/1048669194705879048"
Republican,Has Research Proven Media Skeptics Can‚Äôt Recognize Fake News? Probably Not.,
Republican,Ethics Agency Warns Federal Workers Not To Discuss Impeachment Or 'Resistance',
Republican,Michigan Senate: Make it a crime for political nonprofits to disclose donors,
Republican,"AP: House Democrats‚Äô 1st bill targets big donors, voting access",
Republican,Here‚Äôs Why Identity Politics Threaten America,
Republican,Texas Right To Life Awards Scholarships To College Pro-Life Leaders,
Republican,Why won‚Äôt school just be like academy‚Äôs for certain talents after elementary,"Why can schools be separate academy‚Äôs or schools made for certain talents after elementary. Elementary should be somewhere where a student should find their talent, not go to school and get piles of hw or don‚Äôt really find their talent. Where elementary should be like that. Furthermore if middle schools and high schools were joined to be just one public gov funded Academic school focused on subjects that the student is interested in. 

For example a academy made for writers or any academy made for students who enjoy math like a Academic Academy for Mathematics and Logic, which these academies will be more focused on a specific subject instead of multiple subjects students won‚Äôt use in their adult lives. So if anyone had any thought negative or positive I‚Äôm all ears


What do you guys think of this school system? 
"
Republican,"President Trump of the United States arrives to Buenos Aires and meets President Macri of Argentina for G20 Summit, Bilateral Initial Press Conference",
Republican,"Lacking votes, Senate GOP delays vote on Trump judicial nominee Thomas Farr",
Republican,Facts Don't Care About Socialism's Feelings: Mississippi More Prosperous Than Europe,
Republican,Weapons ban likely coming to florida ballots in 2020,
Republican,Stossel: Socialism Leads To Violence (reasonTV),
Republican,Mueller‚Äôs Legal Terrorism,
Republican,Bill and Hillary kick off their paid speaking tour in CANADA but rows of seats remain EMPTY,
Republican,Correlation between Voter Turnout and Approval Ratings,
Republican,SDSU offering a course on impeaching trump.,"I‚Äôm a 3rd year at San Diego State University studying aerospace engineering. This is my first post in this subreddit and I couldn‚Äôt be more embarrassed that my school offers a course on impeaching Donald Trump. Apparently this is the second semester in a row they‚Äôre offering the course and just to give you a better idea of what the class is about, this is what the class details say: 

San Diego State University is offering a one-unit course in March called ‚ÄúTrump: Impeachment, Removal or Conviction?‚Äù taught by Professor John Joseph Cleary.

‚ÄúFocus will be on the two constitutional grounds: impeachment and removal (25th Amendment), and the possible charges of the independent counsel,‚Äù the course description reads in part.

The class will cover ‚Äúgrounds for impeachment, removal, or indictment‚Äù such as ‚Äúconflict of interests, foreign emoluments, climate change, racism, religious bias, improper influence, nepotism, and a host of crimes, including conspiracy, false statements, and obstruction of justice‚Äù

I‚Äôm actually at a loss for words, I don‚Äôt know how a college institution, let alone SDSU, would back such a painstakingly obvious biased class. I am very disappointed in my college for allowing lies and false accusations to be spread in a legitimate class. I have always been scared of teachers exerting their political opinions on kids without them realizing they‚Äôre being influenced, but for a ‚Äúteacher‚Äù to be suggesting and teaching that Donald Trump should be impeached without any evidence or fair representation of both sides is ludicrous and dangerous for young adults who are supposed to be forming their own beliefs at this stage in their lives. Especially when it‚Äôs being offered as curriculum. I just feel bad for all the sheep getting brainwashed at this school, yet I get so angry because of them. Half of the students aren‚Äôt adept enough to do their own research and form their own opinion. Instead they opt for the force feeding of pure bullshit, compliments of the left.  Is it so hard to ask for people to just WAKE UP and start paying attention to what is actually going on around them. Sorry for the rambling and kind of jumping around from point to point. Just thoroughly disappointed in the growing gap between these two ‚Äúpolitical parties‚Äù and the deceit fueling the separation. "
Republican,Democrats Will Use US Climate Report Against Trump In Court,
Republican,At this point Michael Cohen should just announce that he is running for President. It worked for Hillary after all.,
Republican,New Yale Study Makes The Wall And Limiting Immigrants Imperative -,
Republican,How We Won,
Republican,Trump should have withheld aid money for CA's campfire wild fire until CA's politicians passed a bill that would able control burns once more.,"One may say that's cruel, but I say it's motivation to pass a bill  that would help prevent another tragedy, and such restrictions on the flow of money would be enough motivation to pass a bill as soon as possible.

If the politicians want to stall the bill from passing or outright vote to not pass such a bill, then not having the aid money is only their fault to blame. When the homeless ask about where is the aid, the politicians could then say to them that they would rather not have control burns,and proper land management."
Republican,Mother Thinks Their 6-Year-Old Son is Transgender and Father Does Not Agree,
Republican,Republican Senate win in Mississippi gives Mitch McConnell three votes to spare to confirm Trump judges,
Republican,I‚Äôm Jewish and I think the biggest increase in anti-semitism is from the left,
Republican,"The Case Of Preborn Support: ""And Who Is My Neighbor?""",
Republican,Veterans Affairs Dept. tells congressional staffers it won't repay underpaid GI Bill benefits recipients,
Republican,Midterms Question,"Is anyone aware of a centralized graphic, article, or webpage that shows the comparison of election night end results vs the vote count now?

I know we‚Äôre all aware of the Broward County debacle in Florida, but I‚Äôm also reading of long time New York and California GOP seats being switched at this point. I‚Äôve read tweets that it could be upwards of 20 seats flipped that had a republican lead on election night. 

Any help is appreciated!!"
Republican,One day they say.,
Republican,"TIL: Montanna's Dem Governor issued an EO decreeing all broad band providers must adopt Net Neutrality Principles, but required respondents to explain how the state‚Äôs data traffic would be ‚Äúprioritized‚Äù...",
Republican,Virginia Voting Record for 2016 Primary,"Greetings, I am trying to get proof that I voted in the 2016 Republican primary in Virginia. I recently moved to Texas from Virginia, and I am trying to get involved as a precinct chair of my district. Because I was not able (not yet a Texas resident) vote in Texas during the last primary, I need to show that I voted in the 2016 Primary. I called the Voter Registrar in my old Virginia county, and the woman I spoke with told me that I need to appear in person to get that information. 

&#x200B;

Is that true, or does anyone have advice on how I can gain the proof without appearing in person?"
Republican,"Jim Jordan: Only Five Weeks Left to Secure Border Wall Funding - ""Let‚Äôs stand firm. Let‚Äôs make the argument. The things that have happened in the last few weeks with this caravan, everyone understands this needs to get done, so let‚Äôs get it done.""",
Republican,Manafort/Assange Drama Proves Media Buys Any Russia Conspiracy,
Republican,Trump: 'We Will Close the Border Permanently if Need Be',
Republican,Us The Duo Welcomes Baby They Dedicated A Song To On AGT Season 13,
Republican,Mississippi Senate Election Results: Cindy Hyde-Smith vs. Mike Espy,
Republican,Subreddit for people who believe they're two genders,r/thereareonly2genders
Republican,Feel like federal income tax is a bit high.,
Republican,Bipartisan Bills Aim To Reform Treatment Of Pregnant Mothers In Prison,
Republican,Midterms Show How GOP Can ‚Äî And Did ‚Äî Win Over Minority Moms,
Republican,Craziest dem in the swamp,
Republican,"Trump considering John James for UN ambassador, sources say",
Republican,"So, will Twitter ban Rob Reiner for this nasty tweet about Donald Trump?",
Republican,No jail time for Portland Antifa Leader who pleads guilty to raping an underage boy in his 2nd conviction (repeat offender),
Republican,This is how the Deep State is undermining President Trump,
Republican,Am I the only married conservative female offended by this? This makes me angry.,
Republican,"Trump Considering Failed Michigan Senate Candidate for UN Ambassador, Sources Say",
Republican,Remember When Democrats Booted a Parentless Hispanic Child From US Borders?,
Republican,"John Bolton Erases The Obama Doctrine, Puts America First",
Republican,"VIDEO: MSNBC AMJoy ü§° Trashes President Trump as ‚ÄòUnfit,‚Äô Huckster-in-Chief,‚Äô ‚ÄòRacist-in-Chief‚Äô* ü§¨",
Republican,New Democratic Congress Plans to Investigate Betsy DeVos on Five Fronts,
Republican,A few days before Kavanaugh‚Äôs vote at my college. Perfect example of what the right and left looks like.,
Republican,The Gosnell Case Is Not Alone,
Republican,CNN Contributor Sally Kohn Claim that President Trump Used Deadly Force On The Caravan Migrants is reprehensible,
Republican,President Trump addresses the media before leaving for the Thanksgiving holiday.,
Republican,Nightmare Fuel,
Republican,Maryland Republican Gov. Larry Hogan used a focus group of 110 women who ‚Äúdespise‚Äù President Trump to try and gauge female voters in the heavily Democratic state ‚Äî and his plan succeeded,
Republican,"108 caravan migrants arrested for crimes in Tijuana, so far...",
Republican,‚ÄúMom the election was 2 years ago..‚Äù,
Republican,Michael Moore ü§° Tweets Out His 2020 Democrat Presidential Wish List ü§û üòÇü§£üòÇ,
Republican,Need to move out of North Jersey/NYC? Progressive conservative cities?,"Hello fellow republicans, 

My girlfriend and I, can NO longer take the uncivilized ways of liberalism. I grew up in Brooklyn and New Jersey when it was still an american place to live. We enjoyed the diners, the plentiful jobs and remember a time when a commoner would still speak English. Everything is different today. Slowly and slowly all the old native New Yorkers have left. Our towns today are runned down due to rapid immigration, ghetto thugs moving in and quite frankly they have no manners. The property taxes are off the charts due to many illegals sending their kids to school here- and of course we have to foot the tax bill. The politicians here don‚Äôt care either, they just want to fill their pockets. Plus if you‚Äôre white male here- and a conservative- then you get a sense of feeling you don‚Äôt belong. Alienation is very apparent. There are very few whites left in NJ at this point. At my work in nyc where more and more ppl are moving from California/San Francisco- things are changing  on daily basis. There is a clear divide where I work.  Many of my co-workers have left due to disrespectful new millennials..we are considering moving out to another state. I was wondering if you guys could comment about another city which might be comparative to living standards in north jersey/nyc. Pay cut is fine, at this point we just need a nice homely city/suburb- where people are polite, jobs are abundant, and starting a new family is feasible. Even swing cities and states would work. We are middle class educated conservatives- not extremely religious either- funny thing is we used to Democrats.

Thanks for reading. 

PS. In past 5 years- NY,NJ and CT had the highest net out migration. It has been happening before Trump got in power. "
Republican,Ohio House Passes Heartbeat Bill: Here Are The Facts,
Republican,VIDEO: Paul Rodriguez Explains How President Trump Saved California Latino Farmers That Obama Shunned For 8 Years,
Republican,Trump Has the Saudis Where He Wants Them,
Republican,Hillary Clinton Admits Europe Needs To End Mass Immigration... Thanks Capt.Obvious,
Republican,New York gun bill requires purchasers to surrender social media profile,
Republican,Chuck Grassley to Chief Justice John Roberts: You Rebuked Trump -- but Sat Silent Through Obama's Abuse,
Republican,"‚ÄòWait a darn minute!‚Äô Dems, media eat crow as felony charges are filed in California ‚Äòvoter fraud scheme‚Äô Conservative News Today",
Republican,Jewish leaders call for religious texts to carry warnings highlighting anti-Semitic passages,
Republican,Tijuana Residents Protest Migrant Caravan,
Republican,From Los Angeles MAGA!,
Republican,Gun purchasers may need to submit social media history under proposed New York legislation,
Republican,Reversing 'Obama Judge' Ruling On Asylum Seekers,
Republican,"Kellyanne Conway Calls Hillary Clinton ""Queen Of Abortion""",
Republican,I had to laugh as Trump offered to get votes....knowing it would irk Pelosi and likely divide Dems over speaker. The 2019/20 balance will be an improvement in my opinion.,
Republican,Alexandria Ocasio-Cortez Like A Bull In a Twitter China Shop,
Republican,Saudis Want a U.S. Nuclear Deal. - Westinghouse may get the job,
Republican,Trump: Israel ‚ÄòWould Be In Big Trouble Without Saudi Arabia‚Äô,
Republican,Movie Review: 'Instant Family' Highlights Adoption,
Republican,Why do some Republicans oppose a border wall and mass deportations?,"What are their underlying motivations ? What do they really want?

Just wondering."
Republican,Kamala Harris's Cowardly ICE Attack Reveals Anti-Americanism,
Republican,"New Episode of Conservative Pod, !!The Happy Warrior Podcast is live!! __College Thanksgiving Special__",
Republican,GOP Rep. Mark Meadows says Oversight Committee will hold hearing about Clinton Foundation,
Republican,"House Dems to probe Ivanka Trump, Jared Kushner and use of personal email accounts",
Republican,Where do you think we fall on the Tytler Cycle?,
Republican,"England Pushes To End Early-Sex Tests, Sex-Selective Abortions",
Republican,Mike Lee Accuses Tom Cotton of Spreading ‚ÄòFake News‚Äô on Criminal-Justice-Reform Bill,
Republican,How does healthcare in the states work?,"I live in Canada and am genuinely curious as to how healthcare in the US works.  How much does it cost?  How much do routine medical things (routine bloodwork, x-rays etc...) cost?

I know this is something that either political party could answer, but from what I peripherally understand... the democrats do not like how healthcare is done and Republicans do?

I would really love to know the pros and cons, if it's affordable and in general how it all works?

Sorry if this is the wrong sub to ask this.
"
Republican,Vet Tweets He's Going To Kill Himself. Then James Woods Launches Effort To Save Him.,
Republican,TRUMP WAS RIGHT: Jerry Brown Eased California Logging Rules Back In August,
Republican,Meet the Millennial who created his own pro-Trump social media platform to combat censorship,
Republican,So what are some good podcasts that everyone listens to?,
Republican,Statement from President Donald J. Trump on Standing with Saudi Arabia,
Republican,"Migrant caravan at US border is harboring more than 500 criminals, Homeland Security claims",
Republican,Judge orders female genital mutilation charges be dropped in historic case,
Republican,"""How do you fundamentally transform the United States of America? Simple, progressive socialists migrate into red states and turn them blue.""",
Republican,"Illegal immigrant killed 3 after 'sanctuary' release from custody, ICE says",
Republican,"NY Times Editorial Board attacks Trump for using ""childish name-calling"" while calling him many childish names in their article. Hypocrisy!",
Republican,Two Republican senators engage in war of words over criminal justice bill,
Republican,"Kamala Harris compares ICE to KKK, gets slammed for 'disgusting,' 'horrifying' remarks 16 NOVEMBER 2018 08:16 Fox News Lukas Mikelionis","People (and I'm not talking about Trump or GOP) is getting so low that there will be, soon enough,a place for a bet: how long 'till someone uses the words'Gestapo'or'SS'? I wouldn't say 'Nazis' cause it's already beaten. Nasty words are on the rise...By people possibly running for president! "
Republican,"Women's March founder calls on Linda Sarsour, other activists to resign over anti-Semitism, anti-gay beliefs",
Republican,There should be an investigation. A huge number of votes appeared in South Florida after polls closed. I still do not believe incompetence was the cause.,
Republican,This underscores the importance of judicial appointments. It seems reasonable to follow standards in asylum requests. This judge feels anyone standing on US soil should be able to legally request asylum....attempting to negate Trump effort to create a reasonable standard in asylum cases.,
Republican,Abortion Pills Are Available Online: Why We And The FDA Are Concerned,
Republican,Why I joined this sub.,"This is a rant about r/politics and the other far left subs, just letting you know if you don't wanna read this. I first joined r/politics because I thought it would encourage debates and conversation from all sides of the argument. But I was very disappointed to see the bias in the sub. Being a Republican, or any one who doesn't agree with them, makes you receive tons of down votes and back lash, and in my case a ban to the sub. I tried to start a conversation about people who disagree with Trump, just because he was Trump and I disagree with that (even though I'm not the biggest Trump fan myself). I feel like that sub is basically a far left reddit safe space at this point. Am I the only one who has noticed this? Please let me know."
Republican,Pelosi promised Planned Parenthood she wouldn‚Äôt pass Obamacare without abortion,
Republican,Republican's Nominate Candidate in Special Election for Wexton's (D-VA) State Senate Seat,
Republican,"Interesting to see how Thatcher ended birthright citizenships in the 1980‚Äôs and why. Discussion of where it exists and only two industrialized countries with law. US and Canada, both considering ending Birthright Citizenships",
Republican,Pentagon to Begin Drawdown of Troops at Border,
Republican,Communist billionaire Tom steyer runs a propaganda ad asking for Trump's impeachment,Look up his ad on YouTube calling for impeachment of Trump. Are we conservatives just going to let him run propaganda. Why aren't we ruining his image and signing a huge petition to look into his corruptions 
Republican,Democrats Claim the GA Governor's Race Was Stolen from Stacey Abrams. One Fact-Checker Completely Destroys That Theory.,
Republican,Woman Cancels Abortion Appointment After Learning Baby Has Heartbeat,
Republican,"President Trump Proclaims November ""National Adoption Month""",
Republican,Andrew Gillum has conceded defeat after a recount in the close fought Florida gubernatorial election,
Republican,"DiGenova goes full scorched earth on Goodlatte, Ryan, Rosenstein: ‚ÄòAn embarrassing joke to the Republican party‚Äô",
Republican,"President Trump Tweets Image of San Diego Border Fence "" No climbers under my administration""",
Republican,"Gowdy speaks on Comey hearing, Benghazi heros!","Rep. Gowdy on Democrats' 'new-found embrace of transparency'

https://video.foxnews.com/v/5968961109001/"
Republican,Bill Nelson concedes Florida Senate race to Rick Scott after hand recount,
Republican,Will Republicans lose Texas?,"Given that Ted Cruz almost lost to a Liberal Democrat, this link might paint an accurate picture of what's to come.

https://www.youtube.com/watch?v=T0fDUbpndpA

One thing is certain. Next time we have a Democratic President, he will pull an Angela Merkel. A Democratic President will open up the border and invite all of Latin America to come. That will permanently flip the border states like Arizona, New Mexico and Texas.
"
Republican,Federal Income Taxation is theft -- so why do Americans put up with it? | Fox News,
Republican,VIDEO: New Television Commercial From The Left Castrates Men and Promotes That It's OK To Be A ‚ÄúGirly Man‚Äù,
Republican,I love my school. 2nd ammendment focused Marksmanship class. We got to go to a shooting range during in school hours.,
Republican,Abortion Choice now Selective Seduction,
Republican,"Across US, tax dollars being poured into 'legal defense fund for illegals'",
Republican,Trump's actions on race speak much louder than his words,
Republican,An interesting title,
Republican,Mexico border residents clash with migrants in Tijuana,
Republican,Years of Budget Cuts under former President Obama has directly attributed to the wildfires that has befallen California.,
Republican,"The new way of doing things. Be a dishonest,crooked,lying incompetent, and when called out on it, just yell racism and have half the population will anoint you.",
Republican,Portland domestic terrorist (ANTIFA) leader Micah Rhodes avoids prison for sex abuse of a minor,
Republican,GOP's Mia Love takes lead in Utah House race as count continues,
Republican,Fusionism Today,
Republican,Blaming the Victim in the Digital Age,
Republican,"Consider his activity on Twitter, how he is responding and ‚Äúarrogance‚Äù shown in this reply. Time to end, IMHO! Comey agrees to House interview with conditions: ‚ÄòYour offer is self-serving and hypocritical!‚Äô Conservative News Today",
Republican,Paradise Long-lost,
Republican,Egypt: Proposed Law to Muzzle Muslim Scholars and Thinkers,
Republican,Ridiculous! - California Dem says US would win 'short war' against gun-rights advocates: 'The government has nukes',
Republican,Irish Post-Abortive Father Speaks Out: 'We Are Choosing To Exterminate Fellow Humans',
Republican,Maine‚Äôs new Democratic governor do you think she‚Äôs going to remove gun rights and move to a Californian style gun control,
Republican,WSJ: Caravan Migrants Bring Children to Hack Border and Asylum Rules,
Republican,Tax the Rich is a MYTH and Here's Why,"The most popular phrase that politicians use is - raise the taxes on the rich. You always hear them talking about how they will increase the taxes on the rich people and use that money to help the poor, once they get elected to the office. As noble as that might sound. Its almost impossible to do that. No matter who will be elected, taxes will never be raised on the rich people. And This video will teach you why!  
[https://www.youtube.com/watch?v=-lTdnecAcQQ](https://www.youtube.com/watch?v=-lTdnecAcQQ)"
Republican,"Ilhan Omar, Minnesota‚Äôs Muslim Democrat Congresswoman LIED About Supporting Israel",
Republican,"Hope and Change: With More Votes Counted, It Looks Like Mia Love May Have Won in Utah After All (Update: Dems Caught Cheating in FL-Sen?)",
Republican,CBS correspondent says 'it should be noted' that the Obama White House 'demonized' Fox News daily,
Republican,"McCarthy defeats Jordan for minority leader in 159-to-43 vote - ""...a firm rebuke of the House Freedom Caucus""",
Republican,This is glorious,
Republican,Secretive Liberal Donor Network Plots 2020 Strategy in DC,
Republican,Wouldn‚Äôt it be great?,
Republican,Impass,"Since the Midterms, nothing will be passed for these 2 years. We have a blue house and a red senate. "
Republican,Midterm Elections Takeaway: GOP‚Äôs Suburban Struggles Pose 2020 Danger,
Republican,Why Mueller‚Äôs Russia findings won‚Äôt matter,
Republican,The Battle of Empty Minds: Can't Anyone See Beyond the Hatred?,
Republican,Trump tells reporters that he'll ultimately beat CNN's Jim Acosta in court,
Republican,Leftists gonna tard.,
Republican,Why Don't Republicans Care ABout the Dangers of Porn Anymore [my analysis],
Republican,"Actually Vox, The Right‚Äôs Criticism of Roe v. Wade IS Valid",
Republican,What do we do about this?,
Republican,Republican activists claim 15 ballot box tags as proof of Florida election fraud,
Republican,‚ÄúHalf of white women continue to vote Republican. What's wrong with them?‚Äù,
Republican,"""Right now, just beyond our southern border are hundreds of foreign nationals champing at the bit to violate our sovereignty. . . . They will soon be joined by thousands more, and, if this wave is successful in penetrating our borders, perhaps millions more will be emboldened to come.""",
Republican,Stormy Daniels' Attorney Michael Avenatti Arrested for Felony Domestic Violence,
Republican,5 Dumb GOP Mistakes We Better Fix Before 2020 - ...demand that our GOP Establishment try something new ‚Äì like learning from its mistakes.,
Republican,Studies: Obamacare's Medicaid Expansion Bought Democrats Votes,
Republican,Hell yeah,
Republican,Tucker Carlson Is Republicans‚Äô Most-Loved News Host,
Republican,BREAKING: Judge‚Äôs Ruling Adds Thousands More Votes In Florida Recount,
Republican,Michael Avenatti reportedly arrested on domestic violence charges,
Republican,I‚Äôm in a concert right now. Is it just me or did some people just start chanting Black Lives Matter ? An organization wanting to make more divides and create hate,
Republican,School Punishes Teacher Who Refused To Watch Girl Change In Boys‚Äô Locker Room,
Republican,All eyes on Florida as machine recount ends,
Republican,Donald Trump embraces criminal justice reform package in Congress,
Republican,"Now, these are worth reading. Letters from the Florida AG to the SOS and head of Florida Law Enforcement. Pam Bondi is somewhat kind to the SOS, but really tears up FDLE, pointedly reminding of each statute violated. Will it be over tomorrow?",
Republican,"Palestinians launch 400 rockets at Jews, and suddenly media is done talking about anti-Semitism",
Republican,Rep. Liz Cheney Is Poised to Win a High-Ranking Role in GOP Leadership,
Republican,Democrats unveil new strategy for attracting more white women voters,
Republican,CNN files lawsuit against Trump Administration to restore Jim Acosta‚Äôs White House credential,
Republican,"Iowa Couple Welcome Miracle Baby, Despite Initial Grim Diagnosis",
Republican,Pink's beau Carey Hart threatens to shoot California wildfire looters,
Republican,Explaining the facts on Republicans and white nationalist,"Good friend is sucked into the idea that Republicans are for white nationalist.
Points to every source out there from New York times, CNN, MSNBC to back him up because they find the crazies and make it sounds like it's a common thing.

To me that's absurd. Can I have some help here with editorials/articles/facts that those allegations are absurd?

So far I got two things

https://www.nationalreview.com/2018/08/conservatives-oust-bigotry-left-only-criticizes-them-for-it/

https://youtu.be/1-9--B4Jhts

Thank you"
Republican,"VIDEO: Calif College Republicans' signs stolen - ""because they are inaccurate...""",
Republican,Mitch McConnell Blocks Bill To Protect Robert Mueller's Russia Investigation,
Republican,"The 2018 Midterms, In 4 Charts",
Republican,"Flake is disappointing me. Blocking judicial nominees until he gets a vote on Mueller protections? I‚Äôm surprised, but we are our own worst enemy.",
Republican,Florida Airport Shut Down Over 'Suspicious Package' That Ended Up Being Provisional Ballots!,
Republican,"Monopoly for Millennials, Being Played In Parents Basements Everywhere",
Republican,Two comments... Please give us Trey Gowdy for Attorney General. Really wanted Sessions to have half of his attitude! Second comment..does anyone else find themselves waiting for Schumer to start crying every time he gives an interview?,
Republican,As Business Optimism Grows Republicans Should Stay the Course - The American Gazette,
Republican,Five graphics show Hogan‚Äôs victory by the numbers,
Republican,Taxpayers Will No Longer Foot The Bill For Union Officials At The Veterans Administration,
Republican,Nancy Pelosi‚Äôs speaker run might be an entertaining silver lining for the GOP,
Republican,I finally got my parents to vote republican.,"After years of debate over guns and other items, i finally made my parents understand and become republicans."
Republican,"Retirements, Resignations And Electoral Losses: The 104 House Members Who Won‚Äôt Be Back Next Year",
Republican,Dan Crenshaw may only have one eye but hr has more vision than most Americans I have met. True leader with leadership qualities. üá∫üá∏,
Republican,VIDEO: Israel Air Force Responds To Hamas and Islamic Jihad Attack - Watch Hamas HQ Get Blown To Kingdom Come,
Republican,Fox News's Kat Timpf Chased Out of Brooklyn Bar,
Republican,Indiana Abortion Case Likely Headed To Supreme Court,
Republican,"Rewritten with feminist buzzwords ""Mein Kampf"" was published by five academic journals. The Academics can't distinguish feminism from nazism",
Republican,Never forget Hilary‚Äôs ‚ÄúNon Incriminating‚Äù E-Mails ‚Äî Glenn Greenwald,
Republican,California wildfires,"Governor Jerry Brown vetoed the 2016 Wildfire Bill. This bill would have mobilized crews to,among other things, clean up millions of dead trees in California's forests. "
Republican,"""Every Ballot Must Be Carefully Handled""",
Republican,In Search Of Clarification,"These boards have given me a wonderful experience in learning about life, love, politics and broaden my perspective on issues. Coming of age during the Reagan administration, I've considered myself a Republican most of my life. But now I've been perplexed concerning this new media avenue I've found myself in. Which begets the following questions.

**  Certain boards do not allow articles from certain news outlets. The best example I've found was r/democrats does not allow articles from Fox News or the New York Post. (I'm sure they disallow more and they are not the only board that does this)
 
- - Does this board dictate the same rules? Do you allow articles from all forms of the MSM? 

It seems discussion regarding issues which are polar to a particular board would be welcome and enlightening. Plus, searching for facts or criticism against a particular group allows context and further understanding in one's position. I don't  believe I could bring myself to outright eliminate someone else's views because they don't match my own. 

**  Which brings me to Rule 4 on this board - ""do not post anti-Republican submissions or comments"". 

- -  Can we not question an article or vett an issue published in the MSM even though the article in question is critical of Republican ideas?

It would seem the best place to express ideas, pass on facts or widen understanding of a particular issue would be to post and debate defamatory publications. Every person may align themselves with a specific political idea or party, but each has their own version of morals and scruples. Examining all of those foundations can bring on a topic or view not thought of. 

I thank you all in advance for allowing such a sophomoric question regarding Reddit rules. You help in this matter is greatly appreciated."
Republican,U.S. on a Course to Spend More on Debt Than Defense Does the GOP have the testicular fortitude to deal with this?,
Republican,Just me waiting for Republicans to do something about voter fraud...,
Republican,"Veterans Day: Respect, gratitude and support -- how every American can honor veterans",
Republican,Even The Washington Post Concedes That Broward Elections Supervisor Is Incompetent at Best,
Republican,"Veterans haven't received GI Bill benefits for months due to ongoing IT issues at VA ""It‚Äôs really frustrating the amount of money that Congress has appropriated for veterans, and this is the way VA has rolled it out,‚Äù - TN Rep. Paul Roe (R),., House chairman of Veterans Affairs Committee",
Republican,Pro-Trump/GOP The Happy Warrior Podcast: 2018 Midterm Election Review; PLUS lots of laughs and a new song deep-dive,
Republican,WALSH: Here Is The Most Barbaric And Deranged Pro-Abortion Ad You Will Ever See,
Republican,"Dear Teen Vogue, Stop Hailing Post-Abortive Teens As Reproductive Experts",
Republican,Reporters focus on Macron trolling Trump but ignore his monumental slap in the face to US,
Republican,Jordan sends letter to colleagues making his case for leadership,
Republican,The History of American Veterans (Youtube demonitized this BTW),
Republican,"Amazon must give up Echo recordings in double murder case, judge rules",
Republican,A New Face and a New Mission For Republicans,
Republican,I‚Äôm reading another article on Scott and Gillum insisting in illegal votes being counted in Florida‚Äôs recount and think we need to move to biometric ID for all voting. Thumbprint would work. Far more illegal votes than we may know.,
Republican,BREAKING: Avis Employee Finds Provisional Ballot Box in Back of Returned Broward County Car,
Republican,Payback time for Pete Davidson as Dan Crenshaw appears on 'SNL',
Republican,Congress braces for high-drama lame duck,
Republican,"Hillary Clinton will run for president again in 2020, former adviser says",
Republican,r/politics is garbage,Does anyone go on r/politics? I figured it would be both sides voicing opinions. Instead its nothing but liberals bashing Trump over the way he cooked his eggs this morning.
Republican,Poland shows the world how right Trump is about nationalism in stunning 100th year celebration,
Republican,"‚ÄúPeople complain about Trump and his rhetoric, but the national media has created that environment where that‚Äôs how you succeed now,‚Äù",
Republican,Late Voting Service,
Republican,"Macron has been an unmitigated disaster and thinks he can build an army to protect Europe...from America? Macron‚Äôs approval ratings slip again in latest opinion poll 71 percent of French have no confidence in Macron, poll shows.",
Republican,How is this not sexist,
Republican,New Alabama State Amendment Recognizes Rights Of Preborn Children,
Republican,Who Lost The House? John McCain | Opinion,
Republican,Thought u guys would like this,
Republican,"Anyone else find it sad that Liberals protest, hate, and declare the military evil almost every single day, but come Veterans Day, they all pretend to support Veterans?","I serve currently in the US Army National Guard after 3 years of Active Service and 1 deployment to Afghanistan, I love my military brothers and sisters, and the country we dedicated everything to defend, but I just can't wrap my head around how people let half the country demonize us for 364 days a year, and come November 11th, cheer and celebrate when they all randomly come out of the woodwork to pretend to care to get free social media attention and upvotes on Reddit.

/r/Republican has always been a safe place for service members to come and share views alongside receiving support, and I thank you all for it, I'm just wondering if you all could have any insight on what the hell drives the left (moderate to extreme) to be able to flip-flop views for literally 24 hours at a time, and pretend as if they've always been this way.

Thanks."
Republican,Unfortunately this isn't fake news,
Republican,RECOUNT DRAMA: Broward Supervisor Mixed Rejected And Valid Ballots,
Republican,Worth seeing how rude Acosta is in Video compilation of grandstanding and being rude. Unreal!,
Republican,"Fox News: Parkland school shooter registered to vote while in jail, outraging victim's father.",
Republican,"Florida governor claims election fraud, orders law enforcement investigation",
Republican,"Vox Writer Defends Terrorizing Tucker Carlson, Wipes Timeline; Greg Gutfeld Torches Him",
Republican,Arizona Republican Party Chairman Jonathan Lines accused Maricopa County Recorder Adrian Fontes of destroying evidence,
Republican,10 years later - sliding down the slippery Slope of prop-8,"We were told that this ‚Äúlies‚Äù would never happn. 10 years later we have slipped down that slope and all the ‚Äúlies‚Äù have or are becoming true.

2008 - ""Lies"" about Prop 8: ""[Gay marriage will be taught to kindergarteners as just as good as traditional marriage](https://concurringopinions.com/archives/2008/10/proposition_8_a.html).‚Äù

2018 - ""California State Board of Education voted unanimously to include study of the contributions of lesbian, gay, bisexual, and transgender Americans in history and social-science classes. This [LGBT-focused content will be taught in elementary, middle, and high-school grades.""](https://www.nationalreview.com/2016/07/lgbt-history-second-graders-californias-new-education-guidelines/)

.

2008 - ""Lies"" about Prop 8: ""Adoption agencies will be forced to kowtow to gay couples.""

2018 - ""Religious adoption agency can't exclude gay parents, [judge rules](https://www.nbcnews.com/feature/nbc-out/religious-adoption-agency-can-t-exclude-gay-parents-judge-rules-n892796)""

.

2008 - ""Lies"" about Prop 8: ""Photographers will be forced to chronicle gay weddings""

2018 - [New Mexico photographer sued](https://www.theguardian.com/world/2014/apr/07/supreme-court-gay-marriage-new-mexico-photographer) after a state human rights commission fined the photographer for its refusal to work a same-sex commitment ceremony.

.

2008 - ""Lies"" about Prop 8: ""Churches will lose their tax exemptions""

2018 - [Now's the Time To End Tax Exemptions for Religious Institutions](http://time.com/3939143/nows-the-time-to-end-tax-exemptions-for-religious-institutions/)

.

2008 - ""Lies"" about Prop 8: ""little girls will be sent home with copies of ""**King and King**""

2018 - Parents upset over ""**King and King**"" [being read to third graders](https://abc11.com/education/parents-upset-over-controversial-book-read-to-3rd-graders/720680/)"
Republican,Ocasio-Cortez Can't Afford An Apartment In D.C. Before Her Government Paycheck Kicks In,
Republican,Vogue Article Shames White Women for Voting Republican,
Republican,"West Virginia Passes Amendment Declaring ""No Right to Abortion""",
Republican,Protesters gather outside Broward Board of Elections Headquarters,
Republican,Media Uninterested in First Korean Woman in Congress... Because She's Republican,
Republican,Breaking news,
Republican,Election Fraud: Critics pounce on Broward County‚Äôs troubled election history,
Republican,California gun laws,
Republican,Bodily Autonomy: The Brave Story of Fiona Simpson,
Republican,"A former ""AGT"" finalist said he was kicked off a tour with ZZ Top's Billy Gibbons for posting a picture to social media of him wearing a MAGA hat",
Republican,Federal judge blocks construction of Keystone XL pipeline,
Republican,WALSH: Antifa Is A Terrorist Organization And Should Be Treated Like One,
Republican,DC Police Investigating Mob‚Äôs Protest At Tucker Carlson‚Äôs House As ‚ÄòSuspected Hate Crime‚Äô,
Republican,"Sinema, O'Rourke, Abrams: The Faces of Midterm Fraud Across America",
Republican,‚ÄúThe media holds no bias‚Äù,
Republican,r/politics,
Republican,What Do We Make Of The Midterm Election?,
Republican,In need of a lesson on tabulation procedures in relation to all this Broward County business,"So we have a scenario here where additional ballots are 'found' late in the game, introducing uncertainty in the winner. 

OK, probably happens every once in awhile, there's millions of people who participated and  mistakes happen.

 Just treat those ""found"" ballots like any other for tabulation, including archiving the voters identification as to vet the validity of the vote.

Right?

Can't we ensure that close races can't be exploited by a a preengineered surprise introduction of more votes to tip the tally by overseeing it all? 

How can wr confirm how the ballots became isolated to begin with , and isn't there a procedure to ensure those votes , and I suppose all votes that are not in-person , are assignable to a valid voter to prevent the simple fabrication of Fraudulent ballots ?"
Republican,Still the Smartest Guy in the Room!,
Republican,Court to hear dispute over vote counting in Arizona Senate race,
Republican,Spanish word of the day.,
Republican,The Socialist Republic of Broward County are again attempting to thwart will of voters.,
Republican,Democratic challengers backed by teacher activists were big players in midterm elections - but ran into a red wall in GOP-friendly states,
Republican,Florida‚Äôs Senate Race: Something Very Odd (And In Violation Of State Law) Is Going On In These Two Democratic Counties,
Republican,I only recently started paying attention to politics,"I‚Äôm 26 and started paying attention to politics during the most recent presidential election. My best friend and I try both kind of got into it around the same time. We try to think logically and unbiasedly about major political topics/headlines. My question is, how long have Democrats been this disgusting/delusional for?"
Republican,How Republicans Made Gains In The Senate,
Republican,"'America's Got Talent' alum loses gig on ZZ Top guitarist's tour after posing in MAGA hat, holding Chick-fil-A",
Republican,The Latest On The Florida Recount Furor,
Republican,"Senator Lindsey Graham To Dems: 'Keep Listening To Michael Moore, He'll Steer You In The Right Direction'",
Republican,The Gosnell Movie: A Call To Action,
Republican,Missed it again,
Republican,"Antifa at Tucker Carlson's home: Group breaks door, chants at Fox host - Terrified wife hid in the pantry.",
Republican,Dems in the House now threaten the pro-life movement,
Republican,The Midterms - a wake-up call for Republicans,
Republican,Notice about republicans,Has anyone else noticed that republicans are so much more civil and respectful than the left? I‚Äôm sure y‚Äôall have but I just think it‚Äôs so funny and ironic that the lefts constant push for political correctness and equality that already exists is fueled by mobs and irrational thinking. 
Republican,Germany Puts Migration-Related Costs at Over $86 Billion Over Next Four Years - WSJ,
Republican,‚ÄòYou Can‚Äôt Do It Quietly‚Äô: Top Democrat Overheard Discussing Kavanaugh Impeachment Plans,
Republican,"In #MeToo era, at least 4 Democrats elected despite misconduct allegations",
Republican,Countering The False Claims As Immigration Takes Center Stage,
Republican,Looks about right to me!!,
Republican,The Problem With Twitter,"So as someone who is using twitter pretty much all the time i have seen a pretty obnoxious trend with the app. As a student in college im always surrounded by liberal ideals and sometimes i wish i could get away from it. Whenever going on twitter all i see is hatred towards republicans. Whether it be name calling saying that we are uneducated and hateful, or if it is just bashing our ideals, i hate that these are the only posts i end up seeing on the app. I have finally uninstalled it due to how bad these tweets make me feel for being a republican. I really do hope that one day i can go back on twitter and not have to deal with liberal politics being bashed down my throat."
Republican,Live coverage of Robert Mueller as thousands of young people show support for the special counsel,
Republican,Kyrsten Sinema raised more money from the District of Columbia - than from donors in Arizona,
Republican,My man,
Republican,Economically illiterate...,
Republican,Ron DeSantis elected Florida governor in close race,
Republican,"Amanda Carpenter: ‚ÄúSerious lesson for Dems I can‚Äôt believe they haven‚Äôt learned yet: Republicans are not going to vote against their own interests (taxes, judges, guns, etc) because President Trump says bad things. Dems have to offer Republicans something.‚Äú",
Republican,When the.blue wave was a ripple,
Republican,Ted Cruz defeats Beto O'Rourke,
Republican,GOP to retain Senate majority,
Republican,Florida,
Republican,Voter ID,
Republican,"Nice try, Francis...",
Republican,Thought you guys might get a kick out of the last few options...,
Republican,Mitt Romney wins in Utah,
Republican,All I heard from media today was that Trump is going to get impeach (after the Republican won the senate),Do they even know the process of impeachment? 
Republican,NFL's Benjamin Watson Donates Ultrasound Machine To Pro-Life Clinic,
Republican,Surprised Reddit,
Republican,Kevin Cramer projected to unseat Democratic Sen. Heidi Heitkamp in North Dakota,
Republican,Press Slayer Sarah Huckababe Sanders: We stand by our decision to revoke this individual‚Äôs hard pass. We will not tolerate the inappropriate behavior clearly documented in this video.,
Republican,A Reminder...,
Republican,Anyone else feel this way?,"I‚Äôm a far right wing republican for sure, and the only thing I agree with Democrats on is legalizing marijuana. Does anyone else feel this way?"
Republican,Republican Mike Braun Wins Indiana Senate Race,
Republican,A Mob Showed Up Outside Tucker Carlson‚Äôs House And Ordered Him To ‚ÄòLeave Town‚Äô,
Republican,Obama loses again,
Republican,Facebook Bias - the only keyword options to mute from this entire post... ü§®,
Republican,"Blackburn Beats Bredesen, Tennessee Senate Seat Stays Red",
Republican,My man.,
Republican,The Republicans are projected to maintain their party‚Äôs control of the Senate,
Republican,Can‚Äôt believe Cuomo won again.,There go our taxes and guns
Republican,Vote for civility. Vote for prosperity. Vote for jobs not mobs. Vote Republican.,
Republican,"Is it possible to deal with mass shootings and mass gun violence without stepping on the second amendment or any other amendments, and also not having to arm everyone to the teeth?","So me and my roommate have been having debates on politics for a long time now. We are very good friends. However, we both agree on the whole preservation of the 2nd amendment. However, I don‚Äôt want to be constantly having to be armed just to feel safe when I go out to large scale events in my home town. So is there a way to deal with mass shootings without stepping on the second amendment, and also not having to arm everyone every day everywhere?"
Republican,Little Sign of ‚ÄòBlue Wave‚Äô in Senate As Republicans Flip Four Democratic Seats,
Republican,Josh Hawley Defeats Democratic Senator Claire McCaskill in Missouri,
Republican,About time someone established a standard for proper behavior in the press room #KAGA,
Republican,Pro-Choice Concedes: Prominent Abortion Proponents Concede The Barbarity Of Abortion,
Republican,Elections Results,
Republican,"Warren Davidson, Jim Jordan will return to Congress",
Republican,Jobs Report So Strong Even Democrats Can‚Äôt Find Anything Wrong With It,
Republican,"We official have half the senate, let's keep it coming.",
Republican,It do be like that!,
Republican,If the democrats win the midterms..,
Republican,RNC spokeswoman says GOP sees midterm turnout as similar to 2016 presidential election,
Republican,And then you shake it all about,
Republican,The house is gone supposedly.,"All the votes are not called for yet, but the dems seem to take the house. Well now what?"
Republican,"Kansas sees its own blue wave: ‚ÄòIf you can flip it here, you can flip it anywhere‚Äô",
Republican,Gavin Newsom: Gov. of California,To us Californians: How screwed are we?
Republican,Can someone explain who don't live in America? How will this election change things?,Im actually curious
Republican,What can a conservative do in California?,
Republican,First Media Outlet Calls Florida Senate Race for Rick Scott,
Republican,OOOOFF that like to dislike on the young turks election stream,
Republican,"Quality journalism. I, for one, am glad that florida rejected socialism today",
Republican,It seems there is no turning back for deep blue California,"I'm really dissappointed to see Gavin ahead and most likely win. There's also no ""real"" talks of any part of the state to split up. It looks like majority of San Diego County, which has been traditionally conservative, voted for Cox. Seems like Orange County is the only conservative coastal county left. "
Republican,Non-Citizens Voting in Texas? ‚ÄúWe got TONS of them‚Äù Says Election Official on Undercover Video,
Republican,How NOT to Vote..,
Republican,Texas Election Results 2018: Live Midterm Map,
Republican,Lindsey Graham: Kavanaugh proved Dems will 'do anything to win',
Republican,Holding my breath for the house and Florida Governor‚Äôs race. Huge stakes!,
Republican,False Rape Allegations Against Brett Kavanaugh Prove That Due Process Matters,
Republican,"PSA: Don't Worry About Exit Polls - ""It may be annoying, but if you want to know what happens next you're just going to have to wait for results to come in.""",
Republican,"‚ÄòLong Time, No See‚Äô Is Considered Offensive, Non-Inclusive Language at Colorado State University",
Republican,Pence: Election Is Choice Between Results or Resistance,
Republican,Democrats' trend of bashing white men is dangerous and could backfire,
Republican,Here's a List of Republican Minority and Women Candidates the Left Isn't Talking About,
Republican,I fucking knew it,
Republican,It's Time to Stand Up on Election Day !,
